id,name,age,address
1,John Smith,34,"123 Main St, Springfield, IL"
2,Sarah Johnson,28,"456 Oak Ave, Riverside, CA"
3,Michael Brown,41,"789 Pine Rd, Brookhaven, NY"
4,Emily Davis,22,"234 Elm St, Madison, WI"
5,Daniel Wilson,37,"987 Cedar Ln, Denver, CO"
6,Jessica Miller,30,"432 Birch Dr, Austin, TX"
7,Christopher Anderson,45,"109 Maple Ct, Seattle, WA"
8,Emma Thomas,25,"554 Walnut St, Boston, MA"
9,James Moore,39,"765 Spruce Cir, Orlando, FL"
10,Sophia Martin,33,"298 Sycamore Way, Portland, OR"
11,Benjamin Harris,29,"670 Pecan Ave, Nashville, TN"
12,Olivia Clark,31,"33 Cypress Blvd, Phoenix, AZ"
13,Ethan Lewis,26,"152 Chestnut St, Atlanta, GA"
14,Ava Robinson,27,"543 Redwood Rd, Miami, FL"
15,William Scott,50,"109 Alder Dr, Dallas, TX"
16,Mia Green,21,"658 Alder Ln, San Diego, CA"
17,Alexander Adams,38,"84 Mulberry St, Columbus, OH"
18,Isabella Hall,32,"157 Willow Dr, Charlotte, NC"
19,Jacob Allen,44,"562 Palm St, Raleigh, NC"
20,Chloe Wright,23,"258 Magnolia Blvd, Sacramento, CA"
21,Mason King,36,"672 Ashwood Dr, Memphis, TN"
22,Ella Perez,19,"34 Applewood Way, Louisville, KY"
23,Logan Parker,47,"421 Poplar Ln, Kansas City, MO"
24,Amelia Campbell,27,"750 Aspen Ave, Albuquerque, NM"
25,Lucas Mitchell,40,"94 Evergreen Ct, Anchorage, AK"
26,Harper Roberts,29,"114 Palm Blvd, Detroit, MI"
27,Henry Turner,31,"223 Hickory Rd, Chicago, IL"
28,Avery Phillips,22,"345 Lisle St, New Orleans, LA"
29,Jack Evans,46,"89 Cypress Rd, Austin, TX"
30,Scarlett Edwards,24,"640 Maple St, San Francisco, CA"
31,Sebastian Stewart,35,"78 Willow Ct, San Jose, CA"
32,Grace Rivera,42,"150 Oakwood Rd, Cleveland, OH"
33,Carter Collins,48,"63 Spruce Ave, Madison, WI"
34,Hannah Morris,26,"710 Cedar Blvd, Norfolk, VA"
35,Wyatt Rogers,49,"295 Beech Dr, Tampa, FL"
36,Liam Bailey,28,"314 Maple Ct, Jacksonville, FL"
37,Zoey Sanchez,33,"802 Sycamore Blvd, Las Vegas, NV"
38,Dylan Cook,43,"910 Walnut Ave, Pittsburgh, PA"
39,Aria Ross,25,"445 Chestnut Dr, Fresno, CA"
40,Levi Bell,39,"837 Poplar Ln, Milwaukee, WI"
41,Lily Diaz,21,"123 Alder Ct, Aurora, CO"
42,Owen Hughes,24,"982 Hickory Way, Tucson, AZ"
43,Camila Ramirez,32,"200 Beech Blvd, Mesa, AZ"
44,Elijah Foster,37,"85 Evergreen Rd, Omaha, NE"
45,Victoria Powell,26,"320 Willow Ln, Tulsa, OK"
46,Charlie Hughes,45,"910 Cypress Ct, Arlington, TX"
47,Penelope Brooks,22,"476 Palm Ave, Plano, TX"
48,Joshua Martinez,41,"889 Maple Dr, Kansas City, KS"
49,Ellie James,20,"612 Hickory Blvd, Chandler, AZ"
50,Nathan Perry,34,"247 Oak Dr, Riverside, CA"
51,Mila Kelly,23,"984 Spruce Blvd, Santa Ana, CA"
52,Zachary Cooper,44,"317 Birch St, Irvine, CA"
53,Sofia Cox,19,"809 Ashwood Cir, Baltimore, MD"
54,Grayson Peterson,40,"421 Sycamore Rd, Lubbock, TX"
55,Evelyn Howard,28,"278 Cedar Blvd, Fort Worth, TX"
56,Leo Ward,35,"232 Magnolia Ave, Durham, NC"
57,Abigail Flores,27,"500 Mulberry Rd, St. Louis, MO"
58,Julian Rivera,36,"108 Oakwood Dr, Baton Rouge, LA"
59,Aurora Morgan,21,"691 Palm Ct, Newark, NJ"
60,Eleanor Price,33,"495 Chestnut Way, Winston-Salem, NC"
61,Sebastian Torres,38,"923 Pecan Blvd, Richmond, VA"
62,Addison Jenkins,25,"718 Alder Ave, Cincinnati, OH"
63,Hunter Griffin,30,"108 Willow Rd, Boston, MA"
64,Elizabeth Ortiz,26,"834 Redwood Ln, Greensboro, NC"
65,Matthew Russell,32,"52 Beech Cir, Salt Lake City, UT"
66,Victoria Hayes,24,"413 Walnut Ct, Boise, ID"
67,Joseph Kelly,36,"327 Palm Way, Spokane, WA"
68,Aubrey Simmons,29,"765 Maple Cir, Des Moines, IA"
69,Oliver Price,34,"292 Hickory Ave, Little Rock, AR"
70,Grace Cooper,23,"55 Mulberry Rd, Las Vegas, NV"
71,Isaac Bennett,45,"390 Walnut Blvd, Sioux Falls, SD"
72,Zoey Scott,27,"701 Magnolia St, Orlando, FL"
73,Wyatt Rogers,28,"825 Ashwood Blvd, Colorado Springs, CO"
74,Sophia Gray,22,"407 Beech Blvd, Mobile, AL"
75,Nathan Long,31,"578 Oakwood Cir, Shreveport, LA"
76,Emily Jones,21,"112 Pecan Way, Reno, NV"
77,Alexander Adams,20,"390 Redwood Cir, Eugene, OR"
78,Aria Campbell,33,"814 Hickory Ln, El Paso, TX"
79,Benjamin Garcia,41,"520 Sycamore Dr, Birmingham, AL"
80,Mia Wright,26,"298 Cypress Rd, Fresno, CA"
81,Noah Johnson,29,"632 Palm Cir, Anaheim, CA"
82,Chloe Richardson,39,"198 Hickory Rd, Huntsville, AL"
83,Logan Hill,27,"46 Cedar St, Grand Rapids, MI"
84,Emma Young,25,"104 Alder Blvd, Fargo, ND"
85,Liam Adams,38,"821 Beech Lane, Rochester, NY"
86,Madison Cox,37,"990 Fir Blvd, Syracuse, NY"
87,Oliver Price,44,"521 Willow Cir, Topeka, KS"
88,Grace Ramirez,23,"743 Chestnut Cir, Chattanooga, TN"
89,Elijah Howard,28,"650 Redwood St, Corpus Christi, TX"
90,Victoria Foster,34,"112 Magnolia Avenue, Anchorage, AK"
91,Riley Ward,32,"107 Maple Court, Savannah, GA"
92,Julian Rogers,24,"318 Juniper Blvd, Concord, CA"
93,Ella Edwards,30,"803 Spruce Street, Long Beach, CA"
94,Caleb Harris,46,"612 Sycamore Circle, Glendale, AZ"
95,Leah Kelly,35,"236 Birch Lane, Irvine, CA"
96,Nathaniel Parker,42,"180 Elm Avenue, Hollywood, FL"
97,Zoe Sanchez,20,"429 Palm Blvd, Durham, NC"
98,Hannah Smith,47,"67 Aspen Circle, Tallahassee, FL"
99,Christopher Moore,48,"32 Fir Avenue, Columbia, SC"
100,Isabella Martin,40,"843 Pecan Lane, Richmond, VA"
